|post_id|post_text|comment_id|comment_text|author_name|favorite_count|retweet_count
0|1349099290707243010|@Xchrispatrick ğŸ’š|1349288696982495233|@Spotify @Xchrispatrick Chris really fucking with the shits|"âš”Mugenâš” | Watching AoT & JJK |"|0|0
1|1349099290707243010|@Xchrispatrick ğŸ’š|1349231138028609536|@Spotify @Xchrispatrick I think this is the first time anyone has ever used the green heart lmao ğŸ’š|Blizz|0|0
2|1349099290707243010|@Xchrispatrick ğŸ’š|1349173466885468160|@Spotify @Xchrispatrick OH MY GOD CHRIS PATRICK YOU LEGENDDDDDD!!!!!|Cicada|0|0
3|1349099290707243010|@Xchrispatrick ğŸ’š|1349133936434286593|@Spotify @Xchrispatrick Yooooooooo|Caleb (chris patrick fan club)|1|0
4|1349099290707243010|@Xchrispatrick ğŸ’š|1349114336237789188|@Spotify @Xchrispatrick This is cute ğŸ’š|MF HitchFlock ğŸ•Š|5|0
5|1349099290707243010|@Xchrispatrick ğŸ’š|1349113128097820676|@Spotify @Xchrispatrick I wonder when Spotifyâ€™s gonna follow @_thekingtrey and @GroovyNilo|MMY|1|1
6|1349099290707243010|@Xchrispatrick ğŸ’š|1349100607550926848|@Spotify @blazerdontmiss @Xchrispatrick so yall just ignoring me huh https://t.co/patPlYFIO0|ğœ”ğœğ‘™áºœ|41|0
7|1349099290707243010|@Xchrispatrick ğŸ’š|1349100023934545920|@Spotify @Xchrispatrick Me after these next couple of months ğŸ˜ˆğŸ’ªğŸ½|mac|2|0
8|1349015766876762115|@Beertheist Day 12 - The Wellerman has come for us all.|1349100525967581185|"@Spotify @Beertheist Whereâ€™s the sea shanty playlist the public demands?
(Ideally with some instruments and lyrics)"|Batz, but âœ¨festiveâœ¨|6|0
9|1349015766876762115|@Beertheist Day 12 - The Wellerman has come for us all.|1349017048639266816|@Spotify @Beertheist You got a favorite Playlist?|Yoinkies|12|0
10|1348740897803005957|"Hey, parents ğŸ‘‹
You can now share music playlists with your little ones in the Spotify Kids app ğŸ¥³ https://t.co/xtZEHy7IjX"|1349315497960083456|"@Spotify Hey Spotify great tweet but I have another question.

How are you today?"|HeroBudu|1|0
11|1348740897803005957|"Hey, parents ğŸ‘‹
You can now share music playlists with your little ones in the Spotify Kids app ğŸ¥³ https://t.co/xtZEHy7IjX"|1349233239525715971|@Spotify 4|Jay Rayner|0|0
12|1348740897803005957|"Hey, parents ğŸ‘‹
You can now share music playlists with your little ones in the Spotify Kids app ğŸ¥³ https://t.co/xtZEHy7IjX"|1349233115517116418|@Spotify One of my favorite new features!!|Rachel Fusselman|0|0
13|1348740897803005957|"Hey, parents ğŸ‘‹
You can now share music playlists with your little ones in the Spotify Kids app ğŸ¥³ https://t.co/xtZEHy7IjX"|1349125580101472261|@Spotify Why did you remove the fifth season album and remember me album!! Give me back oh my girl albums|mozziğŸ¤|0|0
14|1348740897803005957|"Hey, parents ğŸ‘‹
You can now share music playlists with your little ones in the Spotify Kids app ğŸ¥³ https://t.co/xtZEHy7IjX"|1349123033470967808|@Spotify Does this mean my toddler won't be able to listen to Real Niggaz|yourfatherjorge|1|0
15|1348740897803005957|"Hey, parents ğŸ‘‹
You can now share music playlists with your little ones in the Spotify Kids app ğŸ¥³ https://t.co/xtZEHy7IjX"|1349050426134552576|@Spotify Please stop with the ads iâ€™m so tired please everytime i get an ad i just start breaking down and crying bâ€¦ https://t.co/avL5jZiOxC|bruv|0|0
16|1348740897803005957|"Hey, parents ğŸ‘‹
You can now share music playlists with your little ones in the Spotify Kids app ğŸ¥³ https://t.co/xtZEHy7IjX"|1349029055748837377|@Spotify why you just removed part of oh my girl discographyğŸ˜­|livia|0|0
17|1348740897803005957|"Hey, parents ğŸ‘‹
You can now share music playlists with your little ones in the Spotify Kids app ğŸ¥³ https://t.co/xtZEHy7IjX"|1349011849963065345|@Spotify Fix iOS add image you never put it on there Iâ€™ve been waiting over a month|Cody Flynn|0|0
18|1348740897803005957|"Hey, parents ğŸ‘‹
You can now share music playlists with your little ones in the Spotify Kids app ğŸ¥³ https://t.co/xtZEHy7IjX"|1348893740979679234|@Spotify @Spotify legalize spotify in Kyrgyzstan please !!!! #SpotifyInKyrgyzstan ğŸ¥ºğŸ¥º|rene riki ãƒ«ãƒ|1|0
19|1348740897803005957|"Hey, parents ğŸ‘‹
You can now share music playlists with your little ones in the Spotify Kids app ğŸ¥³ https://t.co/xtZEHy7IjX"|1348861133218742272|@Spotify ğŸ˜ https://t.co/6qQofv6qRb|v|1|0
20|1348740897803005957|"Hey, parents ğŸ‘‹
You can now share music playlists with your little ones in the Spotify Kids app ğŸ¥³ https://t.co/xtZEHy7IjX"|1348855059258478592|@Spotify Hey bestie look!! https://t.co/UZF4TH05L0|suck my d!ck â—ŸÌ½â—Ì½|0|0
21|1348719238358290435|What's your sign? ğŸŒ™|1349202634977153030|@Spotify Cancer â™‹|Rishu|0|0
22|1348719238358290435|What's your sign? ğŸŒ™|1349186673683406850|@Spotify Taurus|Rae Rozay Gully|0|0
23|1348719238358290435|What's your sign? ğŸŒ™|1349173249289068544|@Spotify Cancer|Fernanda H.|0|0
24|1348719238358290435|What's your sign? ğŸŒ™|1349081337085489155|@Spotify leo sun aquarius moon|abi|0|0
25|1348719238358290435|What's your sign? ğŸŒ™|1349064173142085638|@Spotify Libra sun Leo moon Virgo rising|White Coats And Limousines|0|0
26|1348719238358290435|What's your sign? ğŸŒ™|1349021629813321729|@Spotify TAURAS â™‰ï¸|ihateyou|0|0
27|1348719238358290435|What's your sign? ğŸŒ™|1349002690811072512|@Spotify Virgo|Mia_stewart|0|0
28|1348719238358290435|What's your sign? ğŸŒ™|1348971239017222151|@Spotify Gemini|Adriana|0|0
29|1348719238358290435|What's your sign? ğŸŒ™|1348926201868525570|@Spotify Gemini â™Š https://t.co/YSS4Iw0Iy1|Lk|0|0
30|1348719238358290435|What's your sign? ğŸŒ™|1348911672598040576|@Spotify CANCER!!|HPâ·_I'M A FAN OF GRAMMY NOMINATED ARTIST ë°©íƒ„ ì†Œë…„ë‹¨ğŸ‘‘|1|0
31|1348719238358290435|What's your sign? ğŸŒ™|1348904846510989312|@Spotify Virgo ğŸ˜Š|noaâ€˜s thoughts|0|0
32|1348719238358290435|What's your sign? ğŸŒ™|1348858651897860101|"@Spotify I Recommendation a song from @5ecretNumber with song ""Who Dis?"" Play &amp; listen the song here
https://t.co/pltY6J74Rf"|BR|0|0
33|1348719238358290435|What's your sign? ğŸŒ™|1348858587607564290|"@Spotify I Recommendated a song from @5ecretNumber with song ""Holiday."" play &amp; listen the song here.
https://t.co/pi2Q4zMlOg"|BR|0|0
34|1348719238358290435|What's your sign? ğŸŒ™|1348857917190008832|"@Spotify I Recommendated a song from @5ecretNumber with song ""Privacy."" play &amp; listen the song here.
https://t.co/QmbF4wVk3H"|BR|1|0
35|1348719238358290435|What's your sign? ğŸŒ™|1348857386174320640|"@Spotify I Recommendated a song from @5ecretNumber ""Got That Boom"" play &amp; listen the song here
https://t.co/Ak2u4KLXPE"|BR|1|0
36|1348719238358290435|What's your sign? ğŸŒ™|1348825936154800134|@Spotify Pisces sun, Pisces moon.|CB|0|0
37|1348719159845158912|"Her moon is in Leo, her Cancer is sun âœ¨ @LanaDelRey dives into the mystic with #ChemtrailsOverTheCountryClub 
https://t.co/kuM5KGOh6r"|1349119382857928708|@Spotify @IamGusti @LanaDelRey hi spotify! please add this to playlists :)|arely onate|1|0
38|1348719159845158912|"Her moon is in Leo, her Cancer is sun âœ¨ @LanaDelRey dives into the mystic with #ChemtrailsOverTheCountryClub 
https://t.co/kuM5KGOh6r"|1349068362710704129|@Spotify @LanaDelRey ğŸ˜ğŸ˜ğŸ˜ğŸ˜ğŸ˜ğŸ˜|C A M I L A|0|0
39|1348719159845158912|"Her moon is in Leo, her Cancer is sun âœ¨ @LanaDelRey dives into the mystic with #ChemtrailsOverTheCountryClub 
https://t.co/kuM5KGOh6r"|1349037406230618114|@Spotify @LanaDelRey exactly spotify|ğŸ›¸|0|0
40|1348719159845158912|"Her moon is in Leo, her Cancer is sun âœ¨ @LanaDelRey dives into the mystic with #ChemtrailsOverTheCountryClub 
https://t.co/kuM5KGOh6r"|1349029214662647813|@Spotify @LanaDelRey WATCH CHEMTRAILS|luane|0|0
41|1348719159845158912|"Her moon is in Leo, her Cancer is sun âœ¨ @LanaDelRey dives into the mystic with #ChemtrailsOverTheCountryClub 
https://t.co/kuM5KGOh6r"|1349010110371213314|@Spotify @LanaDelRey mood.|this little shit aghğŸ¦‹|0|0
42|1348719159845158912|"Her moon is in Leo, her Cancer is sun âœ¨ @LanaDelRey dives into the mystic with #ChemtrailsOverTheCountryClub 
https://t.co/kuM5KGOh6r"|1348979423484260352|@Spotify @LanaDelRey that still makes no sense https://t.co/xevZj54isn|karim ?|0|0
43|1348719159845158912|"Her moon is in Leo, her Cancer is sun âœ¨ @LanaDelRey dives into the mystic with #ChemtrailsOverTheCountryClub 
https://t.co/kuM5KGOh6r"|1348967026568605696|@Spotify @LanaDelRey OMFG ! This the most stunning, beautiful piece I've ever heard. #1 Please God.|Fin|0|0
44|1348719159845158912|"Her moon is in Leo, her Cancer is sun âœ¨ @LanaDelRey dives into the mystic with #ChemtrailsOverTheCountryClub 
https://t.co/kuM5KGOh6r"|1348882769712082946|@Spotify @LanaDelRey ICONIC|nico|0|0
45|1348719159845158912|"Her moon is in Leo, her Cancer is sun âœ¨ @LanaDelRey dives into the mystic with #ChemtrailsOverTheCountryClub 
https://t.co/kuM5KGOh6r"|1348871648930267140|@Spotify @LanaDelRey BUY CHEMTRAILS OVER THE COUNTRY CLUB ON ITUNESBUY CHEMTRAILS OVER THE COUNTRY CLUB ON ITUNESBUâ€¦ https://t.co/380i7oWV6Q|Harshit COCC/Evermore ERA ğŸ§¡|4|0
46|1348719159845158912|"Her moon is in Leo, her Cancer is sun âœ¨ @LanaDelRey dives into the mystic with #ChemtrailsOverTheCountryClub 
https://t.co/kuM5KGOh6r"|1348858424369418241|"@Spotify I Recommendation a song from @5ecretNumber with song ""Who Dis?"" Play &amp; listen the song here
https://t.co/pltY6J74Rf"|BR|1|0
47|1348719159845158912|"Her moon is in Leo, her Cancer is sun âœ¨ @LanaDelRey dives into the mystic with #ChemtrailsOverTheCountryClub 
https://t.co/kuM5KGOh6r"|1348858139957886977|"@Spotify I Recommendated a song from @5ecretNumber with song ""Holiday."" play &amp; listen the song here.
https://t.co/pi2Q4zMlOg"|BR|2|0
48|1348719159845158912|"Her moon is in Leo, her Cancer is sun âœ¨ @LanaDelRey dives into the mystic with #ChemtrailsOverTheCountryClub 
https://t.co/kuM5KGOh6r"|1348857753612128257|"@Spotify @LanaDelRey I Recommendated a song from @5ecretNumber with song ""Privacy."" play &amp; listen the song here.
https://t.co/QmbF4wVk3H"|BR|1|0
49|1348719159845158912|"Her moon is in Leo, her Cancer is sun âœ¨ @LanaDelRey dives into the mystic with #ChemtrailsOverTheCountryClub 
https://t.co/kuM5KGOh6r"|1348857253902700545|"@Spotify @LanaDelRey I Recommendated a new song from @5ecretNumber ""Got That Boom"" play &amp; listen the song here
https://t.co/Ak2u4KLXPE"|BR|1|0
50|1348719159845158912|"Her moon is in Leo, her Cancer is sun âœ¨ @LanaDelRey dives into the mystic with #ChemtrailsOverTheCountryClub 
https://t.co/kuM5KGOh6r"|1348838611588931585|@Spotify @LanaDelRey SOTY and AOTY wbk ğŸ¥°|stikky ğŸº|0|0
51|1348719159845158912|"Her moon is in Leo, her Cancer is sun âœ¨ @LanaDelRey dives into the mystic with #ChemtrailsOverTheCountryClub 
https://t.co/kuM5KGOh6r"|1348837834149556224|@Spotify @LanaDelRey Put it in Today's Top Hits ğŸ”¥|ğ™›ğ™¡ğ™¤ğ™§ğ™ğ™™ğ™– ğ™ ğ™ğ™¡ğ™¤ğ™¨ ğŸš|0|0
52|1348660948312207364|"Calling all @Louis_Tomlinson fans... we made it ğŸš¨
Sorry this took so long to fix ğŸ‘‡
https://t.co/c630dqzOx2"|1349342091701329921|@Spotify @Louis_Tomlinson YESS|lÃ¸la streaming wallsâ¹Â¹|0|0
53|1348660948312207364|"Calling all @Louis_Tomlinson fans... we made it ğŸš¨
Sorry this took so long to fix ğŸ‘‡
https://t.co/c630dqzOx2"|1349331615760179200|@Spotify @HLDMedia @Louis_Tomlinson Sisi Spotify ya sabemos que sos larrie|isaaa|0|0
54|1348660948312207364|"Calling all @Louis_Tomlinson fans... we made it ğŸš¨
Sorry this took so long to fix ğŸ‘‡
https://t.co/c630dqzOx2"|1349278184177483777|"@Spotify @Louis_Tomlinson @Spotify @SpotifyKDaebak  make a ""This is IU"" playlist on spotify.. she's gonna have a comeback on 27"|Leejiâˆná´µáµâµâ€¢I'M LISTENINGâ€¢â˜˜ï¸|0|0
55|1348660948312207364|"Calling all @Louis_Tomlinson fans... we made it ğŸš¨
Sorry this took so long to fix ğŸ‘‡
https://t.co/c630dqzOx2"|1349241811173310464|"@Spotify @Louis_Tomlinson follow and stream besties! #ThisIsLouisTomlinson

  https://t.co/0FUyAKwLwE"|sabrina|0|0
56|1348660948312207364|"Calling all @Louis_Tomlinson fans... we made it ğŸš¨
Sorry this took so long to fix ğŸ‘‡
https://t.co/c630dqzOx2"|1349226354819166209|@Spotify @Louis_Tomlinson @kondratyevich beÄŸen Ã¶abuk acele et|m 43|1|0
57|1348660948312207364|"Calling all @Louis_Tomlinson fans... we made it ğŸš¨
Sorry this took so long to fix ğŸ‘‡
https://t.co/c630dqzOx2"|1349198528405504001|@Spotify @Louis_Tomlinson FINALLY OMFG ğŸ™„ğŸ™„|dominique ;)|1|0
58|1348660948312207364|"Calling all @Louis_Tomlinson fans... we made it ğŸš¨
Sorry this took so long to fix ğŸ‘‡
https://t.co/c630dqzOx2"|1349189780249128961|@Spotify @lwtrry @Louis_Tomlinson Finally ğŸ™ŒğŸ»ğŸ™ŒğŸ»|ana la directioner jejejejeje|0|0
59|1348660948312207364|"Calling all @Louis_Tomlinson fans... we made it ğŸš¨
Sorry this took so long to fix ğŸ‘‡
https://t.co/c630dqzOx2"|1349168348697923587|@Spotify @Louis_Tomlinson TURN IT UP IVE BEEN WAITING FOR THIS FOR AGESSS|avery loves copy of a copy|0|0
60|1348660948312207364|"Calling all @Louis_Tomlinson fans... we made it ğŸš¨
Sorry this took so long to fix ğŸ‘‡
https://t.co/c630dqzOx2"|1349168296021663746|@Spotify @Louis_Tomlinson FUCKING FINALLY|avery loves copy of a copy|0|0
61|1348660948312207364|"Calling all @Louis_Tomlinson fans... we made it ğŸš¨
Sorry this took so long to fix ğŸ‘‡
https://t.co/c630dqzOx2"|1349146644978167809|"@Spotify @Louis_Tomlinson What a great happineeeesssss!!!
Proud of @Louis_Tomlinson forever"|Briseida|1|0
62|1348660948312207364|"Calling all @Louis_Tomlinson fans... we made it ğŸš¨
Sorry this took so long to fix ğŸ‘‡
https://t.co/c630dqzOx2"|1349115599989972997|@Spotify @Louis_Tomlinson https://t.co/JRWJMZOv5T|ingrid â¯â¯â¯â¯ á´¸á´¾|0|0
63|1348660948312207364|"Calling all @Louis_Tomlinson fans... we made it ğŸš¨
Sorry this took so long to fix ğŸ‘‡
https://t.co/c630dqzOx2"|1349113400463417344|@Spotify @Louis_Tomlinson ğŸ’šğŸ’šğŸ’šğŸ’šğŸ’š|cheche|0|0
64|1348660948312207364|"Calling all @Louis_Tomlinson fans... we made it ğŸš¨
Sorry this took so long to fix ğŸ‘‡
https://t.co/c630dqzOx2"|1349096534252675073|@Spotify @Louis_Tomlinson AL FIN, POR DIOS|Bleeerâ—ŸÌ½â—Ì½â™¡Ì· ZAYN IS COMING|0|0
65|1348660948312207364|"Calling all @Louis_Tomlinson fans... we made it ğŸš¨
Sorry this took so long to fix ğŸ‘‡
https://t.co/c630dqzOx2"|1349096029493334021|@Spotify @Louis_Tomlinson FINALLY!!|mdc|0|0
66|1348660948312207364|"Calling all @Louis_Tomlinson fans... we made it ğŸš¨
Sorry this took so long to fix ğŸ‘‡
https://t.co/c630dqzOx2"|1349088091785617410|@Spotify @Louis_Tomlinson Finally https://t.co/8YxGsjXVFK|lÃ¸la streaming wallsâ¹Â¹|0|0
67|1348660948312207364|"Calling all @Louis_Tomlinson fans... we made it ğŸš¨
Sorry this took so long to fix ğŸ‘‡
https://t.co/c630dqzOx2"|1349088079064289285|@Spotify @Louis_Tomlinson WE MADE IT https://t.co/8YxGsjXVFK|lÃ¸la streaming wallsâ¹Â¹|0|0
68|1348660948312207364|"Calling all @Louis_Tomlinson fans... we made it ğŸš¨
Sorry this took so long to fix ğŸ‘‡
https://t.co/c630dqzOx2"|1349088064539418626|@Spotify @Louis_Tomlinson https://t.co/8YxGsjXVFK|lÃ¸la streaming wallsâ¹Â¹|0|0
69|1348660948312207364|"Calling all @Louis_Tomlinson fans... we made it ğŸš¨
Sorry this took so long to fix ğŸ‘‡
https://t.co/c630dqzOx2"|1349085243144339457|@Spotify @Louis_Tomlinson Follow me|Eliza Hunter#DicenMH|0|0
70|1348660948312207364|"Calling all @Louis_Tomlinson fans... we made it ğŸš¨
Sorry this took so long to fix ğŸ‘‡
https://t.co/c630dqzOx2"|1349068116551229441|@Spotify @Louis_Tomlinson spotify=dark larry|";margheğŸŒ¶|| MC1"|1|0
71|1348660948312207364|"Calling all @Louis_Tomlinson fans... we made it ğŸš¨
Sorry this took so long to fix ğŸ‘‡
https://t.co/c630dqzOx2"|1349059888522141700|@Spotify @Louis_Tomlinson hi!!! if it's possible could you share with us who is the solo male artist's most followeâ€¦ https://t.co/Qp2wrrxKsd|aninha.|0|0
72|1348660948312207364|"Calling all @Louis_Tomlinson fans... we made it ğŸš¨
Sorry this took so long to fix ğŸ‘‡
https://t.co/c630dqzOx2"|1349056029473046531|@Spotify @Louis_Tomlinson amo se tardaron si putos|N|0|0
73|1348660948312207364|"Calling all @Louis_Tomlinson fans... we made it ğŸš¨
Sorry this took so long to fix ğŸ‘‡
https://t.co/c630dqzOx2"|1349056000758853637|@Spotify @Louis_Tomlinson EEEEAAAA|N|0|0
74|1348660948312207364|"Calling all @Louis_Tomlinson fans... we made it ğŸš¨
Sorry this took so long to fix ğŸ‘‡
https://t.co/c630dqzOx2"|1349043263009910791|"@Spotify @Louis_Tomlinson there's how to do not rick roll mr beast
https://t.co/FSdruWF49z"|thememesound|0|0
75|1348660948312207364|"Calling all @Louis_Tomlinson fans... we made it ğŸš¨
Sorry this took so long to fix ğŸ‘‡
https://t.co/c630dqzOx2"|1349042040634531840|@Spotify @SpotifyTurkey @Louis_Tomlinson spotify turkiye rtlemis duygulanmak|doga|0|0
76|1348660948312207364|"Calling all @Louis_Tomlinson fans... we made it ğŸš¨
Sorry this took so long to fix ğŸ‘‡
https://t.co/c630dqzOx2"|1349034901140549636|@Spotify @Louis_Tomlinson SPOTIFY MI PANA GRACIAS|rebe' louis gf|0|0
77|1348660948312207364|"Calling all @Louis_Tomlinson fans... we made it ğŸš¨
Sorry this took so long to fix ğŸ‘‡
https://t.co/c630dqzOx2"|1349029812271255553|@Spotify @Louis_Tomlinson THANK U!|I claim track 6 om zm3 â™¡|0|0
78|1348660948312207364|"Calling all @Louis_Tomlinson fans... we made it ğŸš¨
Sorry this took so long to fix ğŸ‘‡
https://t.co/c630dqzOx2"|1349028022687465473|@Spotify @Louis_Tomlinson THANK YOU IM SO LATE TO THIS TWEET BUT THANK YOU|cee|0|0
79|1348660948312207364|"Calling all @Louis_Tomlinson fans... we made it ğŸš¨
Sorry this took so long to fix ğŸ‘‡
https://t.co/c630dqzOx2"|1349025710699130881|@Spotify @Louis_Tomlinson Thank you my love|Eduarda â—ŸÌ½â—Ì½|0|0
80|1348660948312207364|"Calling all @Louis_Tomlinson fans... we made it ğŸš¨
Sorry this took so long to fix ğŸ‘‡
https://t.co/c630dqzOx2"|1349019271666561026|@Spotify @Louis_Tomlinson Thank you|Lisbeth|0|0
81|1348660948312207364|"Calling all @Louis_Tomlinson fans... we made it ğŸš¨
Sorry this took so long to fix ğŸ‘‡
https://t.co/c630dqzOx2"|1349015333949083648|@Spotify @Louis_Tomlinson Thaaaank you anyway ğŸ’™|á´¡á´€ÊŸÊŸêœ± ğŸ‡¦ğŸ‡·ğŸ’š|0|0
82|1348660948312207364|"Calling all @Louis_Tomlinson fans... we made it ğŸš¨
Sorry this took so long to fix ğŸ‘‡
https://t.co/c630dqzOx2"|1349012089042513923|@Spotify @Louis_Tomlinson finalmente nÃ© palhaÃ§a|Laura|0|0
83|1348660948312207364|"Calling all @Louis_Tomlinson fans... we made it ğŸš¨
Sorry this took so long to fix ğŸ‘‡
https://t.co/c630dqzOx2"|1349008754214400004|@Spotify @Louis_Tomlinson Is it available in all countries? Not showing up in Ireland|ann loves sister folkloreÂ²â¸|0|0
84|1348660948312207364|"Calling all @Louis_Tomlinson fans... we made it ğŸš¨
Sorry this took so long to fix ğŸ‘‡
https://t.co/c630dqzOx2"|1349005374448398338|@Spotify @Louis_Tomlinson Off to steal all my family and friends phones so I can like this playlist.|sof ğ“†™|0|0
85|1348660948312207364|"Calling all @Louis_Tomlinson fans... we made it ğŸš¨
Sorry this took so long to fix ğŸ‘‡
https://t.co/c630dqzOx2"|1349002298199056393|@Spotify @Louis_Tomlinson caralho depois de. 1000 anos|fall (6-5)ğŸš¬|0|0
86|1348660948312207364|"Calling all @Louis_Tomlinson fans... we made it ğŸš¨
Sorry this took so long to fix ğŸ‘‡
https://t.co/c630dqzOx2"|1348997146150887427|@Spotify @Louis_Tomlinson THANK YOU.|"ğ’¶ğ“‚â„¯ğ“ğ’¾â„¯Â¹áµˆ|Â²â¸ á´„ÊŸá´€Éªá´s á´›Ê€á´€á´„á´‹ 6 á´Ò“ ÊŸá´›2"|0|0
87|1348660948312207364|"Calling all @Louis_Tomlinson fans... we made it ğŸš¨
Sorry this took so long to fix ğŸ‘‡
https://t.co/c630dqzOx2"|1348996779765862400|@Spotify @Louis_Tomlinson sigan la playlist no sean ortivas|valuğŸ¤  -128|0|0
88|1348660948312207364|"Calling all @Louis_Tomlinson fans... we made it ğŸš¨
Sorry this took so long to fix ğŸ‘‡
https://t.co/c630dqzOx2"|1348996004679278595|@Spotify @Louis_Tomlinson Reminder: keep streaming|"Anshika | stream VIBEZ"|0|0
89|1348660948312207364|"Calling all @Louis_Tomlinson fans... we made it ğŸš¨
Sorry this took so long to fix ğŸ‘‡
https://t.co/c630dqzOx2"|1348994604771799041|@Spotify @Louis_Tomlinson FinallyğŸ¤|"â—ŸÌ½â—Ì½ || STREAM VIBEZ AND TPWK"|0|0
90|1348660948312207364|"Calling all @Louis_Tomlinson fans... we made it ğŸš¨
Sorry this took so long to fix ğŸ‘‡
https://t.co/c630dqzOx2"|1348994104320008194|@Spotify @Louis_Tomlinson Finally|Fanzoned|0|0
91|1348660948312207364|"Calling all @Louis_Tomlinson fans... we made it ğŸš¨
Sorry this took so long to fix ğŸ‘‡
https://t.co/c630dqzOx2"|1348993500864512002|@Spotify @Louis_Tomlinson follow the playlist ğŸ˜©|yasğŸ¨|0|0
92|1348660948312207364|"Calling all @Louis_Tomlinson fans... we made it ğŸš¨
Sorry this took so long to fix ğŸ‘‡
https://t.co/c630dqzOx2"|1348992154631335940|@Spotify @Louis_Tomlinson ğŸƒâ€â™€ï¸ğŸƒâ€â™€ï¸ğŸƒâ€â™€ï¸âœ¨|â€¢â‰ˆğ˜ˆğ˜³ğ˜²ğ˜µğ˜°ğ˜®ğ˜­ğ˜ªğ˜¯ğ˜´ğ˜°ğ˜¯â‰ˆâ€¢|0|0
93|1348660948312207364|"Calling all @Louis_Tomlinson fans... we made it ğŸš¨
Sorry this took so long to fix ğŸ‘‡
https://t.co/c630dqzOx2"|1348991471903379461|@Spotify @Louis_Tomlinson Lou made itğŸ’¯|Florence Jhanne Yee Serion|0|0
94|1348660948312207364|"Calling all @Louis_Tomlinson fans... we made it ğŸš¨
Sorry this took so long to fix ğŸ‘‡
https://t.co/c630dqzOx2"|1348984524655493122|@Spotify @yellownell @Louis_Tomlinson Ú©Ø§Ø±ÛŒ Ù†Ø¯Ø§Ø±Ù… ÙˆÙ„ÛŒ Ù¾Ø´ØªØ´ Ø³Ø¨Ø²Ù‡ ÛŒØ§ Ù…Ù† Ú©ÙˆØ±Ù…ØŸ|ÛŒØ§Ø± Ù¾ÛŒØªØ²Ø§ÛŒÛŒ Ù†Ø§ÛŒÙ„Ø±âœ°|0|0
95|1348660948312207364|"Calling all @Louis_Tomlinson fans... we made it ğŸš¨
Sorry this took so long to fix ğŸ‘‡
https://t.co/c630dqzOx2"|1348984337925025802|@Spotify @Louis_Tomlinson finally|Alice ğŸ§šğŸ»â€â™€ï¸|0|0
96|1348660948312207364|"Calling all @Louis_Tomlinson fans... we made it ğŸš¨
Sorry this took so long to fix ğŸ‘‡
https://t.co/c630dqzOx2"|1348976220193505281|@Spotify @Louis_Tomlinson https://t.co/4FUEdcwnBI|"aveâ¹Â¹ â™¡ 's louis |ia bcz exams|"|0|0
97|1348660948312207364|"Calling all @Louis_Tomlinson fans... we made it ğŸš¨
Sorry this took so long to fix ğŸ‘‡
https://t.co/c630dqzOx2"|1348973789552394240|@Spotify @Louis_Tomlinson Finally|arnika ğŸ‰|0|0
98|1348660948312207364|"Calling all @Louis_Tomlinson fans... we made it ğŸš¨
Sorry this took so long to fix ğŸ‘‡
https://t.co/c630dqzOx2"|1348971172067639298|@Spotify @Louis_Tomlinson AT LAST AAAAAAAAAAHHHHHHH!!!!!!!!|"kaye || pls check my pinned tweet. :)"|0|0
99|1348660948312207364|"Calling all @Louis_Tomlinson fans... we made it ğŸš¨
Sorry this took so long to fix ğŸ‘‡
https://t.co/c630dqzOx2"|1348966149799731200|@Spotify @With1DNews @Louis_Tomlinson Hey have a question for @spotify do you are larry?ğŸ’šğŸ’™|larry|0|0
100|1348660948312207364|"Calling all @Louis_Tomlinson fans... we made it ğŸš¨
Sorry this took so long to fix ğŸ‘‡
https://t.co/c630dqzOx2"|1348965757066084359|@Spotify @LTHQOfficial @Louis_Tomlinson FINALLY|~Vâœ¨|0|0
101|1348660948312207364|"Calling all @Louis_Tomlinson fans... we made it ğŸš¨
Sorry this took so long to fix ğŸ‘‡
https://t.co/c630dqzOx2"|1348964020661985280|@Spotify @LTHSUpdates @Louis_Tomlinson FINALLY TYSM BESTIE|pretzelÂ²â¸ loves ry â™¡|0|0
102|1348660948312207364|"Calling all @Louis_Tomlinson fans... we made it ğŸš¨
Sorry this took so long to fix ğŸ‘‡
https://t.co/c630dqzOx2"|1348963723885494275|@Spotify @Louis_Tomlinson @Spotify excellent colour choice ty xx|FineLineStyles|0|0
103|1348660948312207364|"Calling all @Louis_Tomlinson fans... we made it ğŸš¨
Sorry this took so long to fix ğŸ‘‡
https://t.co/c630dqzOx2"|1348952762164387840|@Spotify @LTHQOfficial @Louis_Tomlinson Finally!! So happy to see the #ThisIsLouisTomlinson playlist is back!â€¦ https://t.co/7xrxpomLPP|Sara|1|0
104|1348660948312207364|"Calling all @Louis_Tomlinson fans... we made it ğŸš¨
Sorry this took so long to fix ğŸ‘‡
https://t.co/c630dqzOx2"|1348943579448795137|@Spotify @Louis_Tomlinson THANK U BESTIE|ğŸ¦™claims track five on NBIL|0|0
105|1348660948312207364|"Calling all @Louis_Tomlinson fans... we made it ğŸš¨
Sorry this took so long to fix ğŸ‘‡
https://t.co/c630dqzOx2"|1348937455483944962|@Spotify @Louis_Tomlinson LOVE U|ysa_tomowayğŸ‡ªğŸ‡¸ğŸ–¤ğŸ§·|0|0
106|1348660948312207364|"Calling all @Louis_Tomlinson fans... we made it ğŸš¨
Sorry this took so long to fix ğŸ‘‡
https://t.co/c630dqzOx2"|1348935272587792384|@Spotify @Louis_Tomlinson about timeğŸ™„|toriâœ¨|0|0
107|1348660948312207364|"Calling all @Louis_Tomlinson fans... we made it ğŸš¨
Sorry this took so long to fix ğŸ‘‡
https://t.co/c630dqzOx2"|1348922169070333952|@Spotify @1wallsxfineline @Louis_Tomlinson FINALLY|hannah:)|0|0
108|1348660948312207364|"Calling all @Louis_Tomlinson fans... we made it ğŸš¨
Sorry this took so long to fix ğŸ‘‡
https://t.co/c630dqzOx2"|1348920150209212417|@Spotify @Louis_Tomlinson FINALLY|Francesca|0|0
109|1348660948312207364|"Calling all @Louis_Tomlinson fans... we made it ğŸš¨
Sorry this took so long to fix ğŸ‘‡
https://t.co/c630dqzOx2"|1348915673229979648|"@Spotify @Louis_Tomlinson Yo
Do you need music promotion?"|Hridoy Hasan|0|0
110|1348660948312207364|"Calling all @Louis_Tomlinson fans... we made it ğŸš¨
Sorry this took so long to fix ğŸ‘‡
https://t.co/c630dqzOx2"|1348911517606031360|@Spotify @Louis_Tomlinson About time|Â²â¸HanadyÂ¹á´°.á¶»â—ŸÌ½â—Ì½á´´ â¯â¯â¯â¯ á´º|0|0
111|1348660948312207364|"Calling all @Louis_Tomlinson fans... we made it ğŸš¨
Sorry this took so long to fix ğŸ‘‡
https://t.co/c630dqzOx2"|1348910258157211650|@Spotify @Louis_Tomlinson YYAAASSSâ¤ï¸â¤ï¸|Lola.Allaerts|0|0
112|1348660948312207364|"Calling all @Louis_Tomlinson fans... we made it ğŸš¨
Sorry this took so long to fix ğŸ‘‡
https://t.co/c630dqzOx2"|1348908955892899840|@Spotify @Louis_Tomlinson @Louis_Tomlinson you are the best person in this world! Love you!!ğŸ¤ğŸ¤ğŸ¥ºğŸ¥ºğŸ¥ºğŸ’ğŸ’ğŸ’ğŸ’“ğŸ’“ğŸ’“ğŸ˜­ğŸ˜­ğŸ˜­ğŸ˜­â¤ï¸â¤ï¸â¤ï¸|Wilma|0|0
113|1348660948312207364|"Calling all @Louis_Tomlinson fans... we made it ğŸš¨
Sorry this took so long to fix ğŸ‘‡
https://t.co/c630dqzOx2"|1348902705100681217|@Spotify @Louis_Tomlinson Iâ€™m this was like 3 hours ago but FINALLY|marta NOBODY IS LISTENING|0|0
114|1348660948312207364|"Calling all @Louis_Tomlinson fans... we made it ğŸš¨
Sorry this took so long to fix ğŸ‘‡
https://t.co/c630dqzOx2"|1348899584370745344|@Spotify @Louis_Tomlinson FINALLY|Kerina #TCOE|0|0
115|1348660948312207364|"Calling all @Louis_Tomlinson fans... we made it ğŸš¨
Sorry this took so long to fix ğŸ‘‡
https://t.co/c630dqzOx2"|1348889324469841921|@Spotify @Louis_Tomlinson FINALLY! BUT THANKS!! ğŸ¤±ğŸ»|sun; reserve.|0|0
116|1348660948312207364|"Calling all @Louis_Tomlinson fans... we made it ğŸš¨
Sorry this took so long to fix ğŸ‘‡
https://t.co/c630dqzOx2"|1348888400200347648|@Spotify @LTHQOfficial @Louis_Tomlinson Finally. I'm so excited for this ğŸ˜. Thanks ğŸ¥°|moNika|0|0
117|1348660948312207364|"Calling all @Louis_Tomlinson fans... we made it ğŸš¨
Sorry this took so long to fix ğŸ‘‡
https://t.co/c630dqzOx2"|1348882383651672064|"@Spotify @Louis_Tomlinson anyways 
https://t.co/XFNDHDilvn"|"Sanaá¶» || ZAYN DAY"|0|0
118|1348660948312207364|"Calling all @Louis_Tomlinson fans... we made it ğŸš¨
Sorry this took so long to fix ğŸ‘‡
https://t.co/c630dqzOx2"|1348878377692913664|@Spotify @Louis_Tomlinson Thank youğŸ’•|Zoe Ã—â€¿Ã—|0|0
119|1348660948312207364|"Calling all @Louis_Tomlinson fans... we made it ğŸš¨
Sorry this took so long to fix ğŸ‘‡
https://t.co/c630dqzOx2"|1348877391050010624|@Spotify @Louis_Tomlinson Massive fank you!! ğŸ™ŒğŸ™Œ https://t.co/kArEQ3wefN|Silvana Morales Ã—ÍœÃ—|0|0
120|1348660948312207364|"Calling all @Louis_Tomlinson fans... we made it ğŸš¨
Sorry this took so long to fix ğŸ‘‡
https://t.co/c630dqzOx2"|1348873739677495298|@Spotify @94SFINEWALLS @Louis_Tomlinson OMFGG FINALLY|"nitikağŸ·|| BRUNNA'S DAY"|0|0
121|1348660948312207364|"Calling all @Louis_Tomlinson fans... we made it ğŸš¨
Sorry this took so long to fix ğŸ‘‡
https://t.co/c630dqzOx2"|1348872790053629952|@Spotify @Louis_Tomlinson Finally , I made my own ğŸ¤|J I N X is streaming vibez â€¢ TGTATBO|0|0
122|1348660948312207364|"Calling all @Louis_Tomlinson fans... we made it ğŸš¨
Sorry this took so long to fix ğŸ‘‡
https://t.co/c630dqzOx2"|1348868046937616385|@Spotify @Luchyy_G02 @Louis_Tomlinson https://t.co/INLkvb4BXf|Guada ğŸ ğŸ‡¦ğŸ‡· //AU ğŸ“Œ|1|0
123|1348660948312207364|"Calling all @Louis_Tomlinson fans... we made it ğŸš¨
Sorry this took so long to fix ğŸ‘‡
https://t.co/c630dqzOx2"|1348866824482406400|@Spotify @Louis_Tomlinson Finally fank you luv as louis would say âœŒï¸|Dhvani Savla|0|0
124|1348660948312207364|"Calling all @Louis_Tomlinson fans... we made it ğŸš¨
Sorry this took so long to fix ğŸ‘‡
https://t.co/c630dqzOx2"|1348863912138125313|@Spotify @Louis_Tomlinson FINALLYYYY|â€œâ€|0|0
125|1348660948312207364|"Calling all @Louis_Tomlinson fans... we made it ğŸš¨
Sorry this took so long to fix ğŸ‘‡
https://t.co/c630dqzOx2"|1348861632160653313|@Spotify @Louis_Tomlinson T H A N K You ! https://t.co/70odaXMpPp|P|0|0
126|1348660948312207364|"Calling all @Louis_Tomlinson fans... we made it ğŸš¨
Sorry this took so long to fix ğŸ‘‡
https://t.co/c630dqzOx2"|1348860745631453184|@Spotify @Louis_Tomlinson Thank you sir|YaanÂ¹á´°|0|0
127|1348660948312207364|"Calling all @Louis_Tomlinson fans... we made it ğŸš¨
Sorry this took so long to fix ğŸ‘‡
https://t.co/c630dqzOx2"|1348859431430221824|@Spotify @Louis_Tomlinson fucking finally!!|xâ€¿x|0|0
128|1348660948312207364|"Calling all @Louis_Tomlinson fans... we made it ğŸš¨
Sorry this took so long to fix ğŸ‘‡
https://t.co/c630dqzOx2"|1348854125212012544|@Spotify @Louis_Tomlinson FINALLY https://t.co/L4x6cew3Ul|Ù‹ ZAYN DAY|0|0
129|1348660948312207364|"Calling all @Louis_Tomlinson fans... we made it ğŸš¨
Sorry this took so long to fix ğŸ‘‡
https://t.co/c630dqzOx2"|1348853703235706881|@Spotify @Louis_Tomlinson thank you â¤ï¸|ğ—ºğ—®ğ—±ğ—¿ğ—¶ğ—»ğ—²|0|0
130|1348660948312207364|"Calling all @Louis_Tomlinson fans... we made it ğŸš¨
Sorry this took so long to fix ğŸ‘‡
https://t.co/c630dqzOx2"|1348851870119374849|@Spotify @Louis_Tomlinson Thanks ğŸ¥°â¤ï¸ https://t.co/JjBLFkS08M|Paula Castillo|0|0
131|1348660948312207364|"Calling all @Louis_Tomlinson fans... we made it ğŸš¨
Sorry this took so long to fix ğŸ‘‡
https://t.co/c630dqzOx2"|1348850625040314373|@Spotify @Louis_Tomlinson FINALLY, THANK YOU SO MUCH|ğ™¢ğ™šğ™¡ğ™ğ™£ğ™–|0|0
132|1348660948312207364|"Calling all @Louis_Tomlinson fans... we made it ğŸš¨
Sorry this took so long to fix ğŸ‘‡
https://t.co/c630dqzOx2"|1348849793758588929|@Spotify @Louis_Tomlinson YUP YUP YUP|amelia|0|0
133|1348660948312207364|"Calling all @Louis_Tomlinson fans... we made it ğŸš¨
Sorry this took so long to fix ğŸ‘‡
https://t.co/c630dqzOx2"|1348849767670042624|@Spotify @Louis_Tomlinson GraciasğŸ’™|jisuveve|0|0
134|1348660948312207364|"Calling all @Louis_Tomlinson fans... we made it ğŸš¨
Sorry this took so long to fix ğŸ‘‡
https://t.co/c630dqzOx2"|1348849326731251715|@Spotify @Louis_Tomlinson OK GUYS, we have 12 more hours to break the record (145k) C'MON WE CAN... LOUIS TOMLINSONâ€¦ https://t.co/OJRwTAx4Ac|Alma Kemp|5|1
135|1348660948312207364|"Calling all @Louis_Tomlinson fans... we made it ğŸš¨
Sorry this took so long to fix ğŸ‘‡
https://t.co/c630dqzOx2"|1348848836782002178|@Spotify @Louis_Tomlinson https://t.co/5qdNrrFvLq|avrilá¶»Â³ğŸš¬|0|0
136|1348660948312207364|"Calling all @Louis_Tomlinson fans... we made it ğŸš¨
Sorry this took so long to fix ğŸ‘‡
https://t.co/c630dqzOx2"|1348845695730671616|@Spotify @Louis_Tomlinson THANK YOUUUUUUU|sara|0|0
137|1348660948312207364|"Calling all @Louis_Tomlinson fans... we made it ğŸš¨
Sorry this took so long to fix ğŸ‘‡
https://t.co/c630dqzOx2"|1348845254498078721|@Spotify @Louis_Tomlinson this happening on the 6th month anniversary of louis leaving syco makes me believe that 6â€¦ https://t.co/iPcKPPBuIr|ASHÂ²â¸ â–½ loves Dani (all the time) â˜­|0|0
138|1348660948312207364|"Calling all @Louis_Tomlinson fans... we made it ğŸš¨
Sorry this took so long to fix ğŸ‘‡
https://t.co/c630dqzOx2"|1348844856358166531|@Spotify @Louis_Tomlinson Fanks ğŸ•¯|Larry Stylinson|1|0
139|1348660948312207364|"Calling all @Louis_Tomlinson fans... we made it ğŸš¨
Sorry this took so long to fix ğŸ‘‡
https://t.co/c630dqzOx2"|1348843092552556551|@Spotify @Louis_Tomlinson tysm|Ù‹valerie is rr unbelievers|0|0
140|1348660948312207364|"Calling all @Louis_Tomlinson fans... we made it ğŸš¨
Sorry this took so long to fix ğŸ‘‡
https://t.co/c630dqzOx2"|1348842998423961602|@Spotify @Louis_Tomlinson FINALLY|val loves juliane|0|0
141|1348660948312207364|"Calling all @Louis_Tomlinson fans... we made it ğŸš¨
Sorry this took so long to fix ğŸ‘‡
https://t.co/c630dqzOx2"|1348842001672925185|@Spotify @Louis_Tomlinson ate q enfim ne  https://t.co/wpmLqv520l|mary.|0|0
142|1348660948312207364|"Calling all @Louis_Tomlinson fans... we made it ğŸš¨
Sorry this took so long to fix ğŸ‘‡
https://t.co/c630dqzOx2"|1348841935591641089|@Spotify @Louis_Tomlinson It's finally here *-* FanksğŸ’™|â—ŸÌ½â—Ì½ Zahra â±â±â±â±|0|0
143|1348660948312207364|"Calling all @Louis_Tomlinson fans... we made it ğŸš¨
Sorry this took so long to fix ğŸ‘‡
https://t.co/c630dqzOx2"|1348841263827587073|@Spotify @Louis_Tomlinson YEAAYYYYY|"âœ¨devi || fookin avocados âœ¨ğŸŒ¼"|0|0
144|1348660948312207364|"Calling all @Louis_Tomlinson fans... we made it ğŸš¨
Sorry this took so long to fix ğŸ‘‡
https://t.co/c630dqzOx2"|1348840975024549888|@Spotify @Louis_Tomlinson yeah so long sigh but YAYYT|stuti â™¡'s Vibez|1|0
145|1348660948312207364|"Calling all @Louis_Tomlinson fans... we made it ğŸš¨
Sorry this took so long to fix ğŸ‘‡
https://t.co/c630dqzOx2"|1348840457783169025|@Spotify @Louis_Tomlinson wohoo https://t.co/nTdvmVyzC9|l i s a ğŸ„|0|0
146|1348660948312207364|"Calling all @Louis_Tomlinson fans... we made it ğŸš¨
Sorry this took so long to fix ğŸ‘‡
https://t.co/c630dqzOx2"|1348839971709476875|@Spotify @Louis_Tomlinson i just re downloaded the app for this, thank you very much, iâ€™ll go stream it now.|cris|0|0
147|1348660948312207364|"Calling all @Louis_Tomlinson fans... we made it ğŸš¨
Sorry this took so long to fix ğŸ‘‡
https://t.co/c630dqzOx2"|1348837435107463171|@Spotify @Louis_Tomlinson YAS|Adriana Jasmay|0|0
148|1348660948312207364|"Calling all @Louis_Tomlinson fans... we made it ğŸš¨
Sorry this took so long to fix ğŸ‘‡
https://t.co/c630dqzOx2"|1348837070299672577|"@Spotify @Louis_Tomlinson Finally........thank you
Im screaming......!!!!!"|Janet_achsah|0|0
149|1348660948312207364|"Calling all @Louis_Tomlinson fans... we made it ğŸš¨
Sorry this took so long to fix ğŸ‘‡
https://t.co/c630dqzOx2"|1348833163011911687|@Spotify @Louis_Tomlinson Thank you , you make happy|SofiaMontenegro|0|0
150|1348660948312207364|"Calling all @Louis_Tomlinson fans... we made it ğŸš¨
Sorry this took so long to fix ğŸ‘‡
https://t.co/c630dqzOx2"|1348831956411310080|@Spotify @Louis_Tomlinson https://t.co/XLWzE7Tq9U|HelenA|0|0
151|1348660948312207364|"Calling all @Louis_Tomlinson fans... we made it ğŸš¨
Sorry this took so long to fix ğŸ‘‡
https://t.co/c630dqzOx2"|1348830112536428547|@Spotify @Louis_Tomlinson this ideally should not have taken so long but its k|"gauri Â²â¸ â€ married to nil | missing ananya | phh"|0|0
152|1348660948312207364|"Calling all @Louis_Tomlinson fans... we made it ğŸš¨
Sorry this took so long to fix ğŸ‘‡
https://t.co/c630dqzOx2"|1348830027232645124|@Spotify @Louis_Tomlinson the we made it was a pun right|"gauri Â²â¸ â€ married to nil | missing ananya | phh"|0|0
153|1348660948312207364|"Calling all @Louis_Tomlinson fans... we made it ğŸš¨
Sorry this took so long to fix ğŸ‘‡
https://t.co/c630dqzOx2"|1348829989781729280|@Spotify @Louis_Tomlinson thank youu|"gauri Â²â¸ â€ married to nil | missing ananya | phh"|0|0
154|1348660948312207364|"Calling all @Louis_Tomlinson fans... we made it ğŸš¨
Sorry this took so long to fix ğŸ‘‡
https://t.co/c630dqzOx2"|1348829174358687744|@Spotify @Louis_Tomlinson Finally so glad|SanjÂ²â¸|0|0
155|1348660948312207364|"Calling all @Louis_Tomlinson fans... we made it ğŸš¨
Sorry this took so long to fix ğŸ‘‡
https://t.co/c630dqzOx2"|1348829122005356550|@Spotify @Louis_Tomlinson Yessss bitches|SanjÂ²â¸|0|0
156|1348660948312207364|"Calling all @Louis_Tomlinson fans... we made it ğŸš¨
Sorry this took so long to fix ğŸ‘‡
https://t.co/c630dqzOx2"|1348828902299377666|@Spotify @Louis_Tomlinson FINALLY|hardcore_larry28|0|0
157|1348660948312207364|"Calling all @Louis_Tomlinson fans... we made it ğŸš¨
Sorry this took so long to fix ğŸ‘‡
https://t.co/c630dqzOx2"|1348828161350410241|@Spotify @Louis_Tomlinson YES FINALLY ğŸ™ŒğŸ˜|Rajlakshmi|0|0
158|1348660948312207364|"Calling all @Louis_Tomlinson fans... we made it ğŸš¨
Sorry this took so long to fix ğŸ‘‡
https://t.co/c630dqzOx2"|1348826089943048193|@Spotify @Louis_Tomlinson THANK YOUUUU|scrambled_egg|0|0
159|1348660948312207364|"Calling all @Louis_Tomlinson fans... we made it ğŸš¨
Sorry this took so long to fix ğŸ‘‡
https://t.co/c630dqzOx2"|1348825645451784192|@Spotify @Louis_Tomlinson https://t.co/ZptVLe05P7|gii áµ•Ìˆ|0|0
160|1348660948312207364|"Calling all @Louis_Tomlinson fans... we made it ğŸš¨
Sorry this took so long to fix ğŸ‘‡
https://t.co/c630dqzOx2"|1348824230876602375|"@Spotify @LTHQOfficial @Louis_Tomlinson This is Louis Tomlinson: Verde 
This is harry Styles: Azul 

O Spotify Ã© oâ€¦ https://t.co/QsciA6PPi2"|á´¢á´œá´¢á´œÂ²â¸ â‚—â‚áµ£áµ£áµ§;|0|0
161|1348660948312207364|"Calling all @Louis_Tomlinson fans... we made it ğŸš¨
Sorry this took so long to fix ğŸ‘‡
https://t.co/c630dqzOx2"|1348824194964979712|@Spotify @Louis_Tomlinson num sorro nÃ£o, me da premium gratis pra eu perdoar|Ò½Ó€Ó€É‘|0|0
162|1348660948312207364|"Calling all @Louis_Tomlinson fans... we made it ğŸš¨
Sorry this took so long to fix ğŸ‘‡
https://t.co/c630dqzOx2"|1348824145484804097|@Spotify @Louis_Tomlinson FINALLY!|sun.|0|0
163|1348660948312207364|"Calling all @Louis_Tomlinson fans... we made it ğŸš¨
Sorry this took so long to fix ğŸ‘‡
https://t.co/c630dqzOx2"|1348823470289739776|@Spotify @LTHQOfficial @Louis_Tomlinson At last @Spotify!|isaaaay10|0|0
164|1348660948312207364|"Calling all @Louis_Tomlinson fans... we made it ğŸš¨
Sorry this took so long to fix ğŸ‘‡
https://t.co/c630dqzOx2"|1348821341231837190|@Spotify @LTHQOfficial @Louis_Tomlinson finalmente nÃ© moh|ğ‘¨ğ’ğ’‚ ğŸŒ¥ â¯â¯â¯â¯|0|0
165|1348649686131994625|Good morning to everyone, especially the birthday queen @maryjblige ğŸ’š https://t.co/EcRtNYP0GR|1349025389021167626|@Spotify @maryjblige SWEET MELODY SPOTIFY @Spotify|alexğŸŒº|0|0
166|1348649686131994625|Good morning to everyone, especially the birthday queen @maryjblige ğŸ’š https://t.co/EcRtNYP0GR|1348899398298832896|@Spotify @maryjblige Happy birthday ğŸ‚  to her|Uzor joseff|0|0
167|1348329062146609152|"So this is kinda crazyâ€¦ Rare turns 1 today ğŸ¤¯ @selenagomez
https://t.co/AQ1zBNnrzW https://t.co/wMf9de8hU1"|1349361899339730945|@Spotify @selenagomez but itâ€™s still fun listening to it. ğŸ¤ğŸ’—ğŸ¦‹âœ¨ğŸ˜‰|jasmine|0|0
168|1348329062146609152|"So this is kinda crazyâ€¦ Rare turns 1 today ğŸ¤¯ @selenagomez
https://t.co/AQ1zBNnrzW https://t.co/wMf9de8hU1"|1349195453255081984|@Spotify @selenagomez I don't need it anymore ok goodbye|Ronald Robben|0|0
169|1348329062146609152|"So this is kinda crazyâ€¦ Rare turns 1 today ğŸ¤¯ @selenagomez
https://t.co/AQ1zBNnrzW https://t.co/wMf9de8hU1"|1348927691647578114|@Spotify @selenagomez If you need a professional hacker who can hack into any social media Instagram, Snapchat, Facâ€¦ https://t.co/8KrZvPsEmU|Ray finx|0|0
170|1347615528295096320|feelin all the #Vibez with @zaynmalik ğŸ–¤ https://t.co/d5YDXS6rUW https://t.co/xfSyxko6id|1349300267259490306|@Spotify @zaynmalik e que vibe hein spotify|dancx|0|0
171|1347615528295096320|feelin all the #Vibez with @zaynmalik ğŸ–¤ https://t.co/d5YDXS6rUW https://t.co/xfSyxko6id|1349243663302455296|@Spotify @zaynmalik https://t.co/FwICzhTyah|Ahsan Ghaffar ğŸ‡µğŸ‡°|0|0
172|1347615528295096320|feelin all the #Vibez with @zaynmalik ğŸ–¤ https://t.co/d5YDXS6rUW https://t.co/xfSyxko6id|1349241664942919680|@Spotify @zaynmalik You got the vibez @Spotify|SanDY.|0|0
173|1347615528295096320|feelin all the #Vibez with @zaynmalik ğŸ–¤ https://t.co/d5YDXS6rUW https://t.co/xfSyxko6id|1348987841259343875|@Spotify @zaynmalik https://t.co/rOfF9gDb1g|vans whoran â™¡s g, via|0|0
174|1347615528295096320|feelin all the #Vibez with @zaynmalik ğŸ–¤ https://t.co/d5YDXS6rUW https://t.co/xfSyxko6id|1348911106484543488|@Spotify @zaynmalik ğŸ™ŒğŸ½|Î¾ ÃŸLasIaN ÃnVaSioNã ã‚ˆ2ï¸âƒ£0ï¸âƒ£2ï¸âƒ£0ï¸âƒ£|0|0
175|1347615528295096320|feelin all the #Vibez with @zaynmalik ğŸ–¤ https://t.co/d5YDXS6rUW https://t.co/xfSyxko6id|1348907879659499521|"@Spotify @zaynmalik Please go there and Subscribe for the best lyrics ğŸ‘‡ğŸ‘‡
https://t.co/SEOuILa46Y"|Dark_Horse|0|0
176|1347615528295096320|feelin all the #Vibez with @zaynmalik ğŸ–¤ https://t.co/d5YDXS6rUW https://t.co/xfSyxko6id|1348836821409656835|"@Spotify @zaynmalik Everything to me ğŸ¤
#Vibez https://t.co/OWm3HJMYZN"|HappyBirthdayZayn/Taiï£¿ğŸ’™ğŸ’š|1|0
177|1347410200815300608|.@MorganWallen dropped a double album so we could hear both sides of the man â˜¯ï¸ We've got all the songs plus exclusâ€¦ https://t.co/Kdmqw5ItDw|1349040560473051138|@Spotify @MorganWallen So proud of you Morgan for dropping this double album, heard it be on 104.1 Thur nite. Canâ€™tâ€¦ https://t.co/qJbTDzfSnp|Cntrygrl4life( kairikynsleigh9)|1|0
178|1346492676464648194|Happy 80th birthday to the great Hayao Miyazaki! Thank you for bringing so much beauty, magic and warmth into the wâ€¦ https://t.co/BX0MznHYje|1349023652080214028|@Spotify Happy birthday!!!|Rachel Perrone|0|0
179|1346476061144436738|Fill in the blank: In 2021 I will listen to more ______|1349439428801032194|@Spotify One direction ğŸ¥²|Charlotte Stone|0|0
180|1346476061144436738|Fill in the blank: In 2021 I will listen to more ______|1349310368338898950|@Spotify #archewellaudio|Out of the royal plantation|0|0
181|1346476061144436738|Fill in the blank: In 2021 I will listen to more ______|1349267651902771200|@Spotify Music @BTS_twt ğŸ’œğŸ’œğŸ’œğŸ’œ|Lis â˜€ï¸Â¹â¹â¹â´ ğŸŒˆğŸ’œ|0|0
182|1346476061144436738|Fill in the blank: In 2021 I will listen to more ______|1349248991372800000|@Spotify @BTS_twt|OT7|0|0
183|1346476061144436738|Fill in the blank: In 2021 I will listen to more ______|1349232070443237376|@Spotify This is BTS on Spotify ğŸ’œ https://t.co/Qzlop7a9QN|BTS ğ‘€ğ‘¦ğ‘‡â„ğ‘’ğ‘Ÿğ‘ğ‘ğ‘¦ Grammy Nominee Artist ğ…ğšğ§|0|0
184|1346476061144436738|Fill in the blank: In 2021 I will listen to more ______|1349200324813221891|@Spotify @littlebid2017 Grace VanderWaal, why is there someone else|WilliamMason5020|2|0
185|1346476061144436738|Fill in the blank: In 2021 I will listen to more ______|1349172905238700033|"@Spotify #GODSMACK
OH and kids music cause my boy will be 1soon and he loves music .and plaYing already .my littleâ€¦ https://t.co/DOfrftsYLc"|bonita koponen|0|0
186|1346476061144436738|Fill in the blank: In 2021 I will listen to more ______|1349123075913224196|@Spotify lil peep fo sho|ğ“Ÿğ“®ğ”‚ğ“½ğ“¸ğ“·|0|0
187|1346476061144436738|Fill in the blank: In 2021 I will listen to more ______|1349100365795516418|@Spotify music I've never heard of before ;o|BirbyBun|0|0
188|1346476061144436738|Fill in the blank: In 2021 I will listen to more ______|1349043700333215748|@Spotify @VanderVault I will be listening to Grace's Letters Vol 2 very soon. I shall not listen to anything else uâ€¦ https://t.co/ITqGYMenPz|Todd Baysinger|2|0
189|1346476061144436738|Fill in the blank: In 2021 I will listen to more ______|1349032995794026497|@Spotify BTSğŸ’œğŸ’œğŸ’œğŸ’œğŸ’œğŸ’œğŸ’œMy Boys|Sonu J|0|0
190|1346476061144436738|Fill in the blank: In 2021 I will listen to more ______|1349025482864427010|"@Spotify https://t.co/IScaB2bnZI
Promise you'll love this! It's indie rock/pop and his songs helped me a LOT. Hopeâ€¦ https://t.co/cdstvbUu2T"|ğŸ’Jenifer.luvs.louisğŸ’|0|0
191|1346476061144436738|Fill in the blank: In 2021 I will listen to more ______|1349012709396901899|@Spotify @GraceVanderWaal|G|0|0
192|1346476061144436738|Fill in the blank: In 2021 I will listen to more ______|1349000048739192832|@Spotify @GraceVanderWaal|kirby griffin|0|0
193|1346476061144436738|Fill in the blank: In 2021 I will listen to more ______|1348995665674842114|@Spotify @VanderVault Grace Vanderwaal|Richard Brower|0|0
194|1346476061144436738|Fill in the blank: In 2021 I will listen to more ______|1348992547163574275|@Spotify @BLACKPINK and @treasuremembers|Pinky Teumes|0|0
195|1346476061144436738|Fill in the blank: In 2021 I will listen to more ______|1348990982642135041|@Spotify Olivia RodrigoğŸ’…|madeline|0|0
196|1346476061144436738|Fill in the blank: In 2021 I will listen to more ______|1348964818414227458|@Spotify BLACKPINK|pfttt|0|0
197|1346476061144436738|Fill in the blank: In 2021 I will listen to more ______|1348962629931335682|@Spotify Ofc @treasuremembers|â€¢ìš”ì‹œ ì•„ë‚´â™¡â€¢|0|0
198|1346476061144436738|Fill in the blank: In 2021 I will listen to more ______|1348959001547923456|"@Spotify TREASURE ğŸ’™

#treasure #íŠ¸ë ˆì € 
@treasuremembers  

https://t.co/N9HAziXbIs"|ğ˜€ğ—®ğ—º|0|0
199|1346476061144436738|Fill in the blank: In 2021 I will listen to more ______|1348958913224445952|@Spotify My Treasure by @treasuremembers|Cha|0|0
200|1346476061144436738|Fill in the blank: In 2021 I will listen to more ______|1348957852136665090|@Spotify @treasuremembers ğŸ’– their songs are masterpiece|ğŸ’ŒğŸ’TREASURE IS MY OXYGENğŸ’ğŸ’Œ|0|0
201|1346476061144436738|Fill in the blank: In 2021 I will listen to more ______|1348957798873194496|"@Spotify In 2021, I will listen to more TREASURE songs. Even more than I did last year. ğŸ¥°ğŸ’

#TREASURE #íŠ¸ë ˆì €
@treasuremembers"|Mrs A|1|0
202|1346476061144436738|Fill in the blank: In 2021 I will listen to more ______|1348957773996859395|@Spotify In 2021 I will listen to more @treasuremembers song and playlist ğŸ˜ https://t.co/Gr0h7SfDem|Calli_ğŸ¦Š|0|0
203|1346476061144436738|Fill in the blank: In 2021 I will listen to more ______|1348957098437091331|"@Spotify In 2021 I will listen to more TREASURE songs ğŸ’–

#TREASURE #íŠ¸ë ˆì €
@treasuremembers"|ğŸ¼Aiurs HaruharuğŸ¦™|0|0
204|1346476061144436738|Fill in the blank: In 2021 I will listen to more ______|1348956493127712768|@Spotify #TREASURE #íŠ¸ë ˆì € @treasuremembers https://t.co/ih9vxdX8HK|Kara L.|2|1
205|1346476061144436738|Fill in the blank: In 2021 I will listen to more ______|1348956234523713542|@Spotify In 2021 I will listen to more on TREASURE songs more than last yearğŸ˜­â¤ï¸|HaMbBuUrRgGeeErRrrrR|0|0
206|1346476061144436738|Fill in the blank: In 2021 I will listen to more ______|1348955151642423296|@Spotify In 2021 I will listen to more BANGTAN SONYEONDAN #BTS @BTS_twt ğŸ’œğŸ’œğŸ’œğŸ’œğŸ’œğŸ’œğŸ’œ|á´®á´±ashiâ·ğŸ’œ PROUD FAN OF GRAMMY NOMINATED ARTISTğŸ’œ|0|0
207|1346476061144436738|Fill in the blank: In 2021 I will listen to more ______|1348951553114140675|@Spotify Ads ğŸ˜‚ğŸ˜‚|Harsh Solse|0|0
208|1346476061144436738|Fill in the blank: In 2021 I will listen to more ______|1348911753279713282|@Spotify Young stunners|BTS x army|0|0
209|1346476061144436738|Fill in the blank: In 2021 I will listen to more ______|1348911718605467648|@Spotify BTS forever periodt!|BTS x army|0|0
210|1346476061144436738|Fill in the blank: In 2021 I will listen to more ______|1348911495975997440|"@Spotify YOUNG STUNNERS
TALHA ANJUM
TALHA YOUNUS
@BTS_twt"|BTS x army|0|0
211|1346476061144436738|Fill in the blank: In 2021 I will listen to more ______|1348911264353935360|@Spotify @BTS_twt no doubt about it|BTS x army|0|0
